feature,importance
sentiment_score,0.9785522212090401
confidence,0.011536918990412951
mentions_count,0.005650754783135466
source_credibility,0.003134408254221031
is_weekend,0.0011256967631904065
