Model,Accuracy,Precision,Recall,F1-Score
Logistic Regression,0.973,0.9744046242774566,0.973,0.972710083949278
Random Forest,0.999,0.9990029761904762,0.999,0.999000236509484
Gradient Boosting,0.999,0.9990029761904762,0.999,0.999000236509484
Naive Bayes,0.988,0.9882857142857142,0.988,0.9879812207777148
KNN,0.92,0.92064162244053,0.92,0.9199438703806102
