{
  "correlation_analysis": [
    [
      "sentiment_mean",
      NaN
    ],
    [
      "sentiment_std",
      NaN
    ],
    [
      "sentiment_count",
      NaN
    ],
    [
      "confidence_mean",
      NaN
    ],
    [
      "price_ma_5",
      0.1297892463232742
    ],
    [
      "price_change_5d",
      0.06237099281164114
    ],
    [
      "price_change_1d",
      0.01690441412531
    ],
    [
      "price_ma_10",
      0.12365329938781582
    ],
    [
      "rsi",
      NaN
    ],
    [
      "volume_ratio",
      0.010404076231831013
    ]
  ],
  "mutual_information": [
    [
      "price_ma_10",
      0.04638918014258575
    ],
    [
      "price_ma_5",
      0.040501796177636606
    ],
    [
      "rsi",
      0.02682756844846601
    ],
    [
      "price_change_1d",
      0.022335202373644947
    ],
    [
      "price_change_5d",
      0.020419165263889205
    ],
    [
      "sentiment_mean",
      0.019561801255753686
    ],
    [
      "sentiment_std",
      0.014286644337049736
    ],
    [
      "volume_ratio",
      0.00938050694907755
    ],
    [
      "sentiment_count",
      0.0
    ],
    [
      "confidence_mean",
      0.0
    ]
  ],
  "rfe_selected": [
    "price_ma_5",
    "price_ma_10",
    "volume_ratio",
    "price_change_1d",
    "price_change_5d"
  ],
  "rf_importance": [
    [
      "price_change_5d",
      0.22675352049839337
    ],
    [
      "price_change_1d",
      0.22009381160964256
    ],
    [
      "volume_ratio",
      0.2159309377900696
    ],
    [
      "price_ma_10",
      0.16871981447553036
    ],
    [
      "price_ma_5",
      0.168501915626364
    ],
    [
      "sentiment_mean",
      0.0
    ],
    [
      "sentiment_std",
      0.0
    ],
    [
      "sentiment_count",
      0.0
    ],
    [
      "confidence_mean",
      0.0
    ],
    [
      "rsi",
      0.0
    ]
  ],
  "dataset_info": {
    "samples": 1360,
    "features": 10,
    "target_distribution": {
      "0": 728,
      "1": 632
    }
  }
}